{"AK": 98.6496273656957, "AL": 90.19036577354252, "AR": 92.41769774347516, "AZ": 93.6680627349041, "CA": 83.4337612666486, "CO": 91.53656435752076, "CT": 93.79706246628218, "DC": 93.96628024955206, "DE": 96.04839621204304, "FL": 93.244086989229, "GA": 88.90747398815552, "HI": 92.28728277520028, "IA": 71.72311350402133, "ID": 81.72213993720007, "IL": 93.60748069128906, "IN": 92.8080361172688, "KS": 87.10524356241227, "KY": 95.18906969994552, "LA": 96.52578178783926, "MA": 91.7961237315823, "MD": 94.49187435841428, "ME": 72.80304066894716, "MI": 92.63216669816124, "MN": 86.02002474210323, "MO": 94.19839745584726, "MS": 94.606526019375, "MT": 87.25002126086757, "NC": 92.03606375105302, "ND": 88.59402558342461, "NE": 81.14309295367791, "NH": 88.77914004489726, "NJ": 96.04026152750713, "NM": 89.21326634678304, "NV": 89.33319277691987, "NY": 91.61111560143128, "OH": 95.2081268675825, "OK": 88.5908733387411, "OR": 73.07966440526816, "PA": 95.90038135077064, "RI": 93.30826623037424, "SC": 91.8120952694545, "SD": 65.15595011578887, "TN": 93.6239709325655, "TX": 94.37221637702098, "UT": 95.26339981256082, "VA": 90.82099139619176, "VT": 78.93783489022714, "WA": 77.47903482984472, "WI": 90.33870374222036, "WV": 97.20950911163636, "WY": 94.72894640579467, "US": 91.24589159841712}