{"AK": 1.3503726343043112, "AL": 9.809634226457478, "AR": 7.582302256524844, "AZ": 6.3319372650959, "CA": 16.566238733351394, "CO": 8.463435642479222, "CT": 6.202937533717812, "DC": 6.033719750447942, "DE": 3.9516037879569694, "FL": 6.755913010771008, "GA": 11.09252601184448, "HI": 7.712717224799724, "IA": 28.276886495978665, "ID": 18.277860062799927, "IL": 6.392519308710943, "IN": 7.191963882731192, "KS": 12.894756437587736, "KY": 4.810930300054468, "LA": 3.474218212160739, "MA": 8.203876268417707, "MD": 5.508125641585728, "ME": 27.19695933105283, "MI": 7.3678333018387745, "MN": 13.979975257896772, "MO": 5.8016025441527415, "MS": 5.393473980625004, "MT": 12.749978739132423, "NC": 7.963936248946975, "ND": 11.405974416575386, "NE": 18.85690704632209, "NH": 11.220859955102746, "NJ": 3.959738472492888, "NM": 10.786733653216954, "NV": 10.666807223080124, "NY": 8.388884398568738, "OH": 4.791873132417507, "OK": 11.409126661258895, "OR": 26.92033559473184, "PA": 4.099618649229366, "RI": 6.691733769625768, "SC": 8.187904730545494, "SD": 34.84404988421114, "TN": 6.376029067434508, "TX": 5.62778362297902, "UT": 4.736600187439187, "VA": 9.179008603808226, "VT": 21.062165109772867, "WA": 22.52096517015527, "WI": 9.661296257779629, "WV": 2.7904908883636432, "WY": 5.271053594205321, "US": 8.754108401582869}